{
	"format_version": "1.8.0",
	"animations": {
		"animation.darkrai_legendmount.air_idle": {
			"loop": true,
			"animation_length": 2,
			"bones": {
				"darkrai": {
					"position": [0, "math.cos(q.anim_time*90*2)/2", 0]
				},
				"arm_smoke5": {
					"rotation": [0, 0, "-math.sin(q.anim_time*90*2)*2"]
				},
				"arm_smoke6": {
					"rotation": [0, 0, "-math.sin(q.anim_time*90*2)*2"]
				},
				"arm_smoke7": {
					"rotation": [0, 0, "-math.sin(q.anim_time*90*2-90)*2"]
				},
				"arm_smoke8": {
					"rotation": [0, 0, "-math.sin(q.anim_time*90*2-90)*2"]
				},
				"arm_smoke2": {
					"rotation": [0, 0, "math.sin(q.anim_time*90*2)*2"]
				},
				"arm_smoke3": {
					"rotation": [0, 0, "math.sin(q.anim_time*90*2)*2"]
				},
				"arm_smoke4": {
					"rotation": [0, 0, "math.sin(q.anim_time*90*2-90)*2"]
				},
				"arm_smoke9": {
					"rotation": [0, 0, "math.sin(q.anim_time*90*2-90)*2"]
				},
				"bottom_bone": {
					"rotation": [0, 0, "math.sin(q.anim_time*90*2)*4"]
				},
				"bottom_bone2": {
					"rotation": [0, 0, "-math.sin(q.anim_time*90*2)*4"]
				},
				"bottom_bone3": {
					"rotation": ["-math.sin(q.anim_time*90*2)*4", 0, 0]
				},
				"tail": {
					"rotation": ["math.cos(q.anim_time*90*8)", 0, 0]
				},
				"tail2": {
					"rotation": ["math.cos(q.anim_time*90*8)", 0, 0]
				},
				"tail3": {
					"rotation": ["math.sin(q.anim_time*90*8)", 0, 0]
				},
				"tail4": {
					"rotation": ["math.sin(q.anim_time*90*8)", 0, 0]
				},
				"tail5": {
					"rotation": ["math.sin(q.anim_time*90*8-90)", 0, 0]
				},
				"tail6": {
					"rotation": ["math.sin(q.anim_time*90*8-90)", 0, 0]
				},
				"hat": {
					"rotation": ["math.cos(q.anim_time*90*8)", 0, 0]
				},
				"hat2": {
					"rotation": ["math.cos(q.anim_time*90*8)", 0, 0]
				},
				"hat3": {
					"rotation": ["math.sin(q.anim_time*90*8)", 0, 0]
				},
				"hat4": {
					"rotation": ["math.sin(q.anim_time*90*8)", 0, 0]
				},
				"hat5": {
					"rotation": ["math.sin(q.anim_time*90*8-90)", 0, 0]
				},
				"hat6": {
					"rotation": ["math.sin(q.anim_time*90*8-90)", 0, 0]
				},
				"bone": {
					"rotation": ["math.sin(q.anim_time*90*8-90)", 0, 0]
				}
			}
		},
		"animation.darkrai_legendmount.air_fly": {
			"loop": true,
			"bones": {
				"darkrai": {
					"position": [0, "math.cos(q.anim_time*90*4)/2", 0]
				},
				"waist": {
					"rotation": ["15-math.sin(q.anim_time*90*4)*2", 0, 0]
				},
				"head": {
					"rotation": ["-25+math.sin(q.anim_time*90*4)*2", 0, 0]
				},
				"left_shoulder": {
					"rotation": [-32.5, 0, -22.5]
				},
				"left_hand": {
					"rotation": [0, 0, 10]
				},
				"left_finger": {
					"rotation": [-15, 0, -15]
				},
				"left_finger5": {
					"rotation": [0, 0, 15]
				},
				"left_finger3": {
					"rotation": [15, 0, -15]
				},
				"right_shoulder": {
					"rotation": [-32.5, 0, 22.5]
				},
				"right_arm2": {
					"rotation": [0, 0, -10]
				},
				"right_hand": {
					"rotation": [0, 0, -10]
				},
				"right_finger": {
					"rotation": [-15, 0, 15]
				},
				"right_finger5": {
					"rotation": [0, 0, -15]
				},
				"right_finger3": {
					"rotation": [15, 0, 15]
				},
				"arm_smoke2": {
					"rotation": [0, 0, "math.sin(q.anim_time*90*4)*3"]
				},
				"arm_smoke5": {
					"rotation": [0, 0, "-math.sin(q.anim_time*90*4)*3"]
				},
				"arm_smoke6": {
					"rotation": [0, 0, "-math.sin(q.anim_time*90*4)*3"]
				},
				"arm_smoke7": {
					"rotation": [0, 0, "-math.sin(q.anim_time*90*4-90)*3"]
				},
				"arm_smoke8": {
					"rotation": [0, 0, "-math.sin(q.anim_time*90*4-90)*3"]
				},
				"arm_smoke3": {
					"rotation": [0, 0, "math.sin(q.anim_time*90*4)*3"]
				},
				"arm_smoke4": {
					"rotation": [0, 0, "math.sin(q.anim_time*90*4-90)*3"]
				},
				"arm_smoke9": {
					"rotation": [0, 0, "math.sin(q.anim_time*90*4-90)*3"]
				},
				"bottom_bone": {
					"rotation": [0, 0, "math.sin(q.anim_time*90*4)*2"]
				},
				"bottom_bone2": {
					"rotation": [0, 0, "-math.sin(q.anim_time*90*4)*2"]
				},
				"bottom_bone3": {
					"rotation": ["-math.sin(q.anim_time*90*4)*2", 0, 0]
				}
			}
		},
		"animation.darkrai_legendmount.shoulder_left": {
			"loop": true,
			"animation_length": 2,
			"bones": {
				"darkrai": {
					"position": {
						"0.0": [9, "math.cos(q.anim_time*90*2)/2", 0],
						"1.0": {
							"pre": [9, "5+math.cos(q.anim_time*90*2)/2", 0],
							"post": [9, "5+math.cos(q.anim_time*90*2)/2", 0],
							"lerp_mode": "catmullrom"
						},
						"2.0": [9, "math.cos(q.anim_time*90*2)/2", 0]
					}
				},
				"arm_smoke5": {
					"rotation": [0, 0, "-math.sin(q.anim_time*90*2)*2"]
				},
				"arm_smoke6": {
					"rotation": [0, 0, "-math.sin(q.anim_time*90*2)*2"]
				},
				"arm_smoke7": {
					"rotation": [0, 0, "-math.sin(q.anim_time*90*2-90)*2"]
				},
				"arm_smoke8": {
					"rotation": [0, 0, "-math.sin(q.anim_time*90*2-90)*2"]
				},
				"arm_smoke2": {
					"rotation": [0, 0, "math.sin(q.anim_time*90*2)*2"]
				},
				"arm_smoke3": {
					"rotation": [0, 0, "math.sin(q.anim_time*90*2)*2"]
				},
				"arm_smoke4": {
					"rotation": [0, 0, "math.sin(q.anim_time*90*2-90)*2"]
				},
				"arm_smoke9": {
					"rotation": [0, 0, "math.sin(q.anim_time*90*2-90)*2"]
				},
				"bottom_bone": {
					"rotation": [0, 0, "math.sin(q.anim_time*90*2)*4"]
				},
				"bottom_bone2": {
					"rotation": [0, 0, "-math.sin(q.anim_time*90*2)*4"]
				},
				"bottom_bone3": {
					"rotation": ["-math.sin(q.anim_time*90*2)*4", 0, 0]
				},
				"tail": {
					"rotation": ["math.cos(q.anim_time*90*8)", 0, 0]
				},
				"tail2": {
					"rotation": ["math.cos(q.anim_time*90*8)", 0, 0]
				},
				"tail3": {
					"rotation": ["math.sin(q.anim_time*90*8)", 0, 0]
				},
				"tail4": {
					"rotation": ["math.sin(q.anim_time*90*8)", 0, 0]
				},
				"tail5": {
					"rotation": ["math.sin(q.anim_time*90*8-90)", 0, 0]
				},
				"tail6": {
					"rotation": ["math.sin(q.anim_time*90*8-90)", 0, 0]
				},
				"hat": {
					"rotation": ["math.cos(q.anim_time*90*8)", 0, 0]
				},
				"hat2": {
					"rotation": ["math.cos(q.anim_time*90*8)", 0, 0]
				},
				"hat3": {
					"rotation": ["math.sin(q.anim_time*90*8)", 0, 0]
				},
				"hat4": {
					"rotation": ["math.sin(q.anim_time*90*8)", 0, 0]
				},
				"hat5": {
					"rotation": ["math.sin(q.anim_time*90*8-90)", 0, 0]
				},
				"hat6": {
					"rotation": ["math.sin(q.anim_time*90*8-90)", 0, 0]
				},
				"bone": {
					"rotation": ["math.sin(q.anim_time*90*8-90)", 0, 0]
				}
			}
		},
		"animation.darkrai_legendmount.shoulder_right": {
			"loop": true,
			"animation_length": 2,
			"bones": {
				"darkrai": {
					"position": {
						"0.0": [-9, "4+math.cos(q.anim_time*90*2)/2", 0],
						"1.0": {
							"pre": [-9, "5+math.cos(q.anim_time*90*2)/2", 0],
							"post": [-9, "5+math.cos(q.anim_time*90*2)/2", 0],
							"lerp_mode": "catmullrom"
						},
						"2.0": [-9, "math.cos(q.anim_time*90*2)/2", 0]
					}
				},
				"arm_smoke5": {
					"rotation": [0, 0, "-math.sin(q.anim_time*90*2)*2"]
				},
				"arm_smoke6": {
					"rotation": [0, 0, "-math.sin(q.anim_time*90*2)*2"]
				},
				"arm_smoke7": {
					"rotation": [0, 0, "-math.sin(q.anim_time*90*2-90)*2"]
				},
				"arm_smoke8": {
					"rotation": [0, 0, "-math.sin(q.anim_time*90*2-90)*2"]
				},
				"arm_smoke2": {
					"rotation": [0, 0, "math.sin(q.anim_time*90*2)*2"]
				},
				"arm_smoke3": {
					"rotation": [0, 0, "math.sin(q.anim_time*90*2)*2"]
				},
				"arm_smoke4": {
					"rotation": [0, 0, "math.sin(q.anim_time*90*2-90)*2"]
				},
				"arm_smoke9": {
					"rotation": [0, 0, "math.sin(q.anim_time*90*2-90)*2"]
				},
				"bottom_bone": {
					"rotation": [0, 0, "math.sin(q.anim_time*90*2)*4"]
				},
				"bottom_bone2": {
					"rotation": [0, 0, "-math.sin(q.anim_time*90*2)*4"]
				},
				"bottom_bone3": {
					"rotation": ["-math.sin(q.anim_time*90*2)*4", 0, 0]
				},
				"tail": {
					"rotation": ["math.cos(q.anim_time*90*8)", 0, 0]
				},
				"tail2": {
					"rotation": ["math.cos(q.anim_time*90*8)", 0, 0]
				},
				"tail3": {
					"rotation": ["math.sin(q.anim_time*90*8)", 0, 0]
				},
				"tail4": {
					"rotation": ["math.sin(q.anim_time*90*8)", 0, 0]
				},
				"tail5": {
					"rotation": ["math.sin(q.anim_time*90*8-90)", 0, 0]
				},
				"tail6": {
					"rotation": ["math.sin(q.anim_time*90*8-90)", 0, 0]
				},
				"hat": {
					"rotation": ["math.cos(q.anim_time*90*8)", 0, 0]
				},
				"hat2": {
					"rotation": ["math.cos(q.anim_time*90*8)", 0, 0]
				},
				"hat3": {
					"rotation": ["math.sin(q.anim_time*90*8)", 0, 0]
				},
				"hat4": {
					"rotation": ["math.sin(q.anim_time*90*8)", 0, 0]
				},
				"hat5": {
					"rotation": ["math.sin(q.anim_time*90*8-90)", 0, 0]
				},
				"hat6": {
					"rotation": ["math.sin(q.anim_time*90*8-90)", 0, 0]
				},
				"bone": {
					"rotation": ["math.sin(q.anim_time*90*8-90)", 0, 0]
				}
			}
		}
	}
}