{
	"format_version": "1.12.0",
	"minecraft:geometry": [
		{
			"description": {
				"identifier": "geometry.darkrai",
				"texture_width": 128,
				"texture_height": 128,
				"visible_bounds_width": 5,
				"visible_bounds_height": 3.5,
				"visible_bounds_offset": [0, 1.25, 0]
			},
			"bones": [
				{
					"name": "darkrai",
					"pivot": [0, 0, 0]
				},
				{
					"name": "waist",
					"parent": "darkrai",
					"pivot": [0, 8.79808, -0.961],
					"cubes": [
						{"origin": [-2, 9.3, -3.4], "size": [4, 1, 3], "pivot": [0, 11.3, 0], "rotation": [17.5, 0, 0], "uv": [24, 46]}
					]
				},
				{
					"name": "torso",
					"parent": "waist",
					"pivot": [-0.01192, 9.9811, -0.85433],
					"cubes": [
						{"origin": [-3, 10.3, -3], "size": [6, 6, 4], "pivot": [0, 11.3, 0], "rotation": [17.5, 0, 0], "uv": [0, 14]},
						{"origin": [-4.5, 9.65567, -2.4857], "size": [9, 6, 7], "pivot": [-0.5, 12.45567, -2.9857], "rotation": [35, 0, 0], "uv": [0, 0]},
						{"origin": [-1.5, 16.86188, 1.46005], "size": [3, 4, 3], "pivot": [0, 18.26188, 3.26005], "rotation": [73.0178, 14.9833, 40.2506], "uv": [40, 41]},
						{"origin": [-3.5, 15.809, 1.44859], "size": [7, 4, 3], "pivot": [-0.5, 17.809, 2.94859], "rotation": [45, 0, 0], "uv": [35, 33]},
						{"origin": [4.3041, 12.1211, -1.35461], "size": [2, 2, 2], "pivot": [5.3041, 16.7211, -2.55461], "rotation": [80, -35, 0], "uv": [71, 45]},
						{"origin": [1.61964, 19.85293, 0.6792], "size": [2, 1, 1], "inflate": -0.1, "pivot": [2.61964, 19.65293, 1.2792], "rotation": [125, -35, 0], "uv": [20, 63]},
						{"origin": [-1.34142, 10.98556, -4.9483], "size": [4, 5, 4], "pivot": [-0.14142, 13.18556, -2.3483], "rotation": [44.7191, 35.3963, 29.8376], "uv": [23, 36]},
						{"origin": [2.4, 13.4211, -3.28109], "size": [2, 2, 2], "pivot": [3, 16.1211, -3.58109], "rotation": [80, 0, 0], "uv": [82, 39]},
						{"origin": [0.9, 15.17812, -4.78983], "size": [2, 2, 2], "pivot": [3, 15.87812, -3.38983], "rotation": [80, 17.5, 0], "uv": [53, 45]},
						{"origin": [0.48284, 15.98556, -4.9483], "size": [2, 1, 2], "pivot": [0.28284, 13.18556, -2.3483], "rotation": [44.7191, 35.3963, 29.8376], "uv": [62, 45]},
						{"origin": [0, 14.92013, -7.17002], "size": [0, 3, 2], "pivot": [0, 15.42013, -6.17002], "rotation": [20, 0, 0], "uv": [15, 61]},
						{"origin": [-2.9, 15.17812, -4.78983], "size": [2, 2, 2], "pivot": [-3, 15.87812, -3.38983], "rotation": [80, -17.5, 0], "uv": [53, 45], "mirror": true},
						{"origin": [-4.4, 13.4211, -3.28109], "size": [2, 2, 2], "pivot": [-3, 16.1211, -3.58109], "rotation": [80, 0, 0], "uv": [82, 39], "mirror": true},
						{"origin": [-3.61964, 19.85293, 0.6792], "size": [2, 1, 1], "inflate": -0.1, "pivot": [-2.61964, 19.65293, 1.2792], "rotation": [125, 35, 0], "uv": [20, 63], "mirror": true},
						{"origin": [-6.3041, 12.1211, -1.35461], "size": [2, 2, 2], "pivot": [-5.3041, 16.7211, -2.55461], "rotation": [80, 35, 0], "uv": [71, 45], "mirror": true},
						{"origin": [1.83848, 12.01456, -5.35806], "size": [0, 1, 1], "pivot": [1.83848, 12.21456, -4.25806], "rotation": [-2.7809, 35.3963, 29.8376], "uv": [82, 43]},
						{"origin": [-1.83848, 12.01456, -5.35806], "size": [0, 1, 1], "pivot": [-1.83848, 12.21456, -4.25806], "rotation": [-2.7809, -35.3963, -29.8376], "uv": [82, 43], "mirror": true}
					]
				},
				{
					"name": "head",
					"parent": "torso",
					"pivot": [-0.70711, 18.59999, -2.40491],
					"cubes": [
						{"origin": [-2.20711, 17.09999, -3.90491], "size": [4, 3, 4], "inflate": 0.1, "pivot": [-0.70711, 18.59999, -2.40491], "rotation": [44.71911, 35.39626, 29.83757], "uv": [52, 37]},
						{"origin": [-2.20711, 17.09999, -3.90491], "size": [4, 3, 4], "inflate": 0.21, "pivot": [-0.70711, 18.59999, -2.40491], "rotation": [44.71911, 35.39626, 29.83757], "uv": [73, 51]}
					]
				},
				{
					"name": "left_eye",
					"parent": "head",
					"pivot": [-1.33233, 17.99202, -4.06457],
					"cubes": [
						{"origin": [-1.50711, 17.39999, -4.10491], "size": [3, 3, 0], "pivot": [-0.70711, 18.59999, -2.40491], "rotation": [48.04319, 29.9607, 35.98303], "uv": [83, 60]},
						{"origin": [-0.40711, 18.39999, -4.1059], "size": [1, 2, 0], "pivot": [-0.70711, 18.59999, -2.40491], "rotation": [48.04319, 29.9607, 35.98303], "uv": [87, 29]}
					]
				},
				{
					"name": "right_eye",
					"parent": "head",
					"pivot": [1.33233, 17.99202, -4.06457],
					"cubes": [
						{"origin": [-1.49289, 17.39999, -4.10491], "size": [3, 3, 0], "pivot": [0.70711, 18.59999, -2.40491], "rotation": [48.04319, -29.9607, -35.98303], "uv": [83, 60], "mirror": true},
						{"origin": [-0.59289, 18.39999, -4.1059], "size": [1, 2, 0], "pivot": [0.70711, 18.59999, -2.40491], "rotation": [48.04319, -29.9607, -35.98303], "uv": [87, 29], "mirror": true}
					]
				},
				{
					"name": "hat",
					"parent": "head",
					"pivot": [0, 18.98764, -2.63491],
					"cubes": [
						{"origin": [-2.06066, 18.7107, -3.94156], "size": [4, 3, 4], "inflate": -0.1, "pivot": [-1.06066, 20.4107, -2.44156], "rotation": [10.54684, 44.5119, 7.43656], "uv": [28, 51]}
					]
				},
				{
					"name": "hat2",
					"parent": "hat",
					"pivot": [0, 21.05787, -2.6464],
					"cubes": [
						{"origin": [-1.35858, 20.80305, -3.80152], "size": [3, 5, 3], "pivot": [0.14142, 23.30305, -2.10152], "rotation": [-162.59256, 43.65747, -167.7873], "uv": [45, 51]}
					]
				},
				{
					"name": "hat3",
					"parent": "hat2",
					"pivot": [0, 23.69495, -1.54299],
					"cubes": [
						{"origin": [-1, 23.75714, -4.19442], "size": [2, 5, 4], "pivot": [0, 23.25714, -1.89442], "rotation": [-60, 0, 0], "uv": [15, 53]}
					]
				},
				{
					"name": "hat4",
					"parent": "hat3",
					"pivot": [0, 25.76445, 1.98285],
					"cubes": [
						{"origin": [-1, 23.83034, 2.83378], "size": [2, 5, 5], "inflate": 0.1, "pivot": [0, 27.13034, 4.93378], "rotation": [-77.5, 0, 0], "uv": [58, 49]}
					]
				},
				{
					"name": "hat5",
					"parent": "hat4",
					"pivot": [0, 26.56371, 5.36402],
					"cubes": [
						{"origin": [-1.5, 27.36667, 2.73932], "size": [3, 4, 4], "pivot": [-0.5, 26.56667, 4.23932], "rotation": [-50, 0, 0], "uv": [0, 52]}
					]
				},
				{
					"name": "hat6",
					"parent": "hat5",
					"pivot": [0, 28.55384, 7.59322],
					"cubes": [
						{"origin": [-1, 28.98346, 4.60564], "size": [2, 3, 3], "pivot": [0, 27.98346, 6.70564], "rotation": [-77.5, 0, 0], "uv": [0, 61]}
					]
				},
				{
					"name": "bone",
					"parent": "hat6",
					"pivot": [0, 29.19734, 10.36991],
					"cubes": [
						{"origin": [0, 28.03588, 10.28133], "size": [0, 9, 3], "pivot": [-1, 29.53588, 11.78133], "rotation": [-85, 0, 0], "uv": [0, 65]}
					]
				},
				{
					"name": "left_shoulder",
					"parent": "torso",
					"pivot": [3.47669, 15.0856, -1.4982],
					"cubes": [
						{"origin": [3.5, 12.25567, -3.4857], "size": [4, 6, 4], "uv": [21, 25]}
					]
				},
				{
					"name": "left_arm2",
					"parent": "left_shoulder",
					"pivot": [5.62418, 12.27684, -1.25237],
					"cubes": [
						{"origin": [4.7, 6.25567, -2.5857], "size": [2, 6, 2], "uv": [71, 12]},
						{"origin": [6.7, 8.25567, -1.5857], "size": [2, 2, 0], "pivot": [7.7, 11.25567, -2.5857], "rotation": [0, 0, 42.5], "uv": [83, 36]},
						{"origin": [5.4, 9.35567, -1.5857], "size": [2, 2, 0], "pivot": [7.7, 11.25567, -2.5857], "rotation": [0, 0, 42.5], "uv": [83, 36]},
						{"origin": [8.3, 6.55567, -1.5857], "size": [2, 2, 0], "pivot": [7.7, 11.25567, -2.5857], "rotation": [0, 0, 42.5], "uv": [83, 36]}
					]
				},
				{
					"name": "left_hand",
					"parent": "left_arm2",
					"pivot": [5.7, 6.3557, -1.5857],
					"cubes": [
						{"origin": [4.7, 3.25567, -2.5857], "size": [2, 3, 2], "inflate": 0.1, "uv": [68, 2]}
					]
				},
				{
					"name": "left_finger",
					"parent": "left_hand",
					"pivot": [6.42769, 4.4894, -2.4857],
					"cubes": [
						{"origin": [6.1, 2.45567, -2.9857], "size": [1, 2, 1], "uv": [37, 59]}
					]
				},
				{
					"name": "left_finger2",
					"parent": "left_finger",
					"pivot": [6.65538, 2.62313, -2.4857],
					"cubes": [
						{"origin": [5.75538, 0.72313, -2.4857], "size": [1, 2, 0], "pivot": [6.25538, 1.72313, -2.9857], "rotation": [0, 0, 22.5], "uv": [42, 60]}
					]
				},
				{
					"name": "left_finger5",
					"parent": "left_hand",
					"pivot": [4.92769, 4.4894, -1.4857],
					"rotation": [0, -175, 0],
					"cubes": [
						{"origin": [4.6, 2.45567, -1.9857], "size": [1, 2, 1], "uv": [37, 59]}
					]
				},
				{
					"name": "left_finger6",
					"parent": "left_finger5",
					"pivot": [5.15538, 2.62313, -1.4857],
					"cubes": [
						{"origin": [4.25538, 1.72313, -1.4857], "size": [1, 1, 0], "pivot": [4.75538, 1.72313, -1.9857], "rotation": [0, 0, 22.5], "uv": [42, 60]}
					]
				},
				{
					"name": "left_finger3",
					"parent": "left_hand",
					"pivot": [6.42769, 4.4894, -0.7857],
					"cubes": [
						{"origin": [6.1, 2.45567, -1.2857], "size": [1, 2, 1], "uv": [37, 59]}
					]
				},
				{
					"name": "left_finger4",
					"parent": "left_finger3",
					"pivot": [6.65538, 2.62313, -0.7857],
					"cubes": [
						{"origin": [5.75538, 0.72313, -0.7857], "size": [1, 2, 0], "pivot": [6.25538, 1.72313, -1.2857], "rotation": [0, 0, 22.5], "uv": [42, 60]}
					]
				},
				{
					"name": "arm_smoke5",
					"parent": "left_shoulder",
					"pivot": [7.56025, 15.39966, -1.6857],
					"cubes": [
						{"origin": [5.74581, 11.03606, -3.0857], "size": [6, 4, 3], "pivot": [11.04581, 14.23606, 0.5143], "rotation": [0, 0, 40], "uv": [38, 25]}
					]
				},
				{
					"name": "arm_smoke6",
					"parent": "arm_smoke5",
					"pivot": [8.50948, 15.33448, -1.71904],
					"cubes": [
						{"origin": [8.51256, 13.79522, -2.5857], "size": [4, 3, 2], "uv": [69, 39]}
					]
				},
				{
					"name": "arm_smoke7",
					"parent": "arm_smoke6",
					"pivot": [10.30795, 14.6541, -1.7857],
					"cubes": [
						{"origin": [11.4, 12.45567, -2.6857], "size": [4, 6, 2], "pivot": [14.5, 15.25567, 0.5143], "rotation": [0, 0, 35], "uv": [77, 3]}
					]
				},
				{
					"name": "arm_smoke8",
					"parent": "arm_smoke7",
					"pivot": [13.30225, 17.15778, -1.8857],
					"cubes": [
						{"origin": [14.00795, 16.32704, -1.8857], "size": [4, 9, 0], "pivot": [16.00795, 19.32704, 0.5143], "rotation": [0, 0, 85], "uv": [7, 68]}
					]
				},
				{
					"name": "right_shoulder",
					"parent": "torso",
					"pivot": [-3.47669, 15.0856, -1.4982],
					"cubes": [
						{"origin": [-7.5, 12.25567, -3.4857], "size": [4, 6, 4], "uv": [21, 25], "mirror": true}
					]
				},
				{
					"name": "right_arm2",
					"parent": "right_shoulder",
					"pivot": [-5.62418, 12.27684, -1.25237],
					"cubes": [
						{"origin": [-6.7, 6.25567, -2.5857], "size": [2, 6, 2], "uv": [71, 12], "mirror": true},
						{"origin": [-8.7, 8.25567, -1.5857], "size": [2, 2, 0], "pivot": [-7.7, 11.25567, -2.5857], "rotation": [0, 0, -42.5], "uv": [83, 36], "mirror": true},
						{"origin": [-7.4, 9.35567, -1.5857], "size": [2, 2, 0], "pivot": [-7.7, 11.25567, -2.5857], "rotation": [0, 0, -42.5], "uv": [83, 36], "mirror": true},
						{"origin": [-10.3, 6.55567, -1.5857], "size": [2, 2, 0], "pivot": [-7.7, 11.25567, -2.5857], "rotation": [0, 0, -42.5], "uv": [83, 36], "mirror": true}
					]
				},
				{
					"name": "right_hand",
					"parent": "right_arm2",
					"pivot": [-5.7, 6.35567, -1.5857],
					"cubes": [
						{"origin": [-6.7, 3.25567, -2.5857], "size": [2, 3, 2], "inflate": 0.1, "uv": [68, 2], "mirror": true}
					]
				},
				{
					"name": "right_finger",
					"parent": "right_hand",
					"pivot": [-6.42769, 4.4894, -2.4857],
					"cubes": [
						{"origin": [-7.1, 2.45567, -2.9857], "size": [1, 2, 1], "uv": [37, 59], "mirror": true}
					]
				},
				{
					"name": "right_finger2",
					"parent": "right_finger",
					"pivot": [-6.65538, 2.62313, -2.4857],
					"cubes": [
						{"origin": [-6.75538, 0.72313, -2.4857], "size": [1, 2, 0], "pivot": [-6.25538, 1.72313, -2.9857], "rotation": [0, 0, -22.5], "uv": [42, 60], "mirror": true}
					]
				},
				{
					"name": "right_finger5",
					"parent": "right_hand",
					"pivot": [-4.92769, 4.4894, -1.4857],
					"rotation": [0, 175, 0],
					"cubes": [
						{"origin": [-5.6, 2.45567, -1.9857], "size": [1, 2, 1], "uv": [37, 59], "mirror": true}
					]
				},
				{
					"name": "right_finger6",
					"parent": "right_finger5",
					"pivot": [-5.15538, 2.62313, -1.4857],
					"cubes": [
						{"origin": [-5.25538, 1.72313, -1.4857], "size": [1, 1, 0], "pivot": [-4.75538, 1.72313, -1.9857], "rotation": [0, 0, -22.5], "uv": [42, 60], "mirror": true}
					]
				},
				{
					"name": "right_finger3",
					"parent": "right_hand",
					"pivot": [-6.42769, 4.4894, -0.7857],
					"cubes": [
						{"origin": [-7.1, 2.45567, -1.2857], "size": [1, 2, 1], "uv": [37, 59], "mirror": true}
					]
				},
				{
					"name": "right_finger4",
					"parent": "right_finger3",
					"pivot": [-6.65538, 2.62313, -0.7857],
					"cubes": [
						{"origin": [-6.75538, 0.72313, -0.7857], "size": [1, 2, 0], "pivot": [-6.25538, 1.72313, -1.2857], "rotation": [0, 0, -22.5], "uv": [42, 60], "mirror": true}
					]
				},
				{
					"name": "arm_smoke2",
					"parent": "right_shoulder",
					"pivot": [-7.56025, 15.39966, -1.6857],
					"cubes": [
						{"origin": [-11.74581, 11.03606, -3.0857], "size": [6, 4, 3], "pivot": [-11.04581, 14.23606, 0.5143], "rotation": [0, 0, -40], "uv": [38, 25], "mirror": true}
					]
				},
				{
					"name": "arm_smoke3",
					"parent": "arm_smoke2",
					"pivot": [-8.50948, 15.33448, -1.71904],
					"cubes": [
						{"origin": [-12.51256, 13.79522, -2.5857], "size": [4, 3, 2], "uv": [69, 39], "mirror": true}
					]
				},
				{
					"name": "arm_smoke4",
					"parent": "arm_smoke3",
					"pivot": [-10.30795, 14.6541, -1.7857],
					"cubes": [
						{"origin": [-15.4, 12.45567, -2.6857], "size": [4, 6, 2], "pivot": [-14.5, 15.25567, 0.5143], "rotation": [0, 0, -35], "uv": [77, 3], "mirror": true}
					]
				},
				{
					"name": "arm_smoke9",
					"parent": "arm_smoke4",
					"pivot": [-13.30225, 17.15778, -1.8857],
					"cubes": [
						{"origin": [-18.00795, 16.32704, -1.8857], "size": [4, 9, 0], "pivot": [-16.00795, 19.32704, 0.5143], "rotation": [0, 0, -85], "uv": [7, 68], "mirror": true}
					]
				},
				{
					"name": "bottom",
					"parent": "darkrai",
					"pivot": [-0.5, 2.74432, 5.96896],
					"cubes": [
						{"origin": [-3.5, 4.4, 1.5], "size": [7, 3, 2], "inflate": 0.1, "pivot": [0.5, 11.3, 0], "rotation": [17.5, 0, 0], "uv": [54, 21]},
						{"origin": [-3, 6.3, -5.4], "size": [6, 3, 7], "pivot": [0, 11.3, 0], "rotation": [17.5, 0, 0], "uv": [21, 14]},
						{"origin": [-4, 4.00753, -4.20629], "size": [8, 2, 9], "pivot": [-3.97916, 4.02738, 0.14674], "rotation": [17.5, 0, 0], "uv": [33, 0]},
						{"origin": [-4.5, -0.25568, 5.96896], "size": [9, 6, 0], "pivot": [-0.5, 2.74432, 5.96896], "rotation": [27.5, 0, 0], "uv": [0, 86]}
					]
				},
				{
					"name": "bottom_bone",
					"parent": "bottom",
					"pivot": [-3.97916, 4.02738, 0.14674],
					"cubes": [
						{"origin": [-3.98966, -2.99942, -4.20629], "size": [0, 7, 9], "pivot": [-3.97916, 4.02738, 0.14674], "rotation": [15.9477, -7.30111, 23.97594], "uv": [0, 69]}
					]
				},
				{
					"name": "bottom_bone2",
					"parent": "bottom",
					"pivot": [3.97916, 4.02738, 0.14674],
					"cubes": [
						{"origin": [3.98966, -2.99942, -4.20629], "size": [0, 7, 9], "pivot": [3.97916, 4.02738, 0.14674], "rotation": [15.9477, 7.30111, -23.97594], "uv": [0, 69], "mirror": true}
					]
				},
				{
					"name": "bottom_bone3",
					"parent": "bottom",
					"pivot": [-0.5, 2.74504, -4.01979],
					"cubes": [
						{"origin": [-4.5, -3.25496, -4.51979], "size": [9, 6, 0], "pivot": [-0.5, -0.25496, -4.51979], "rotation": [-10, 0, 0], "uv": [0, 86]}
					]
				},
				{
					"name": "tail",
					"parent": "bottom",
					"pivot": [0, 7.15298, 3.38901],
					"cubes": [
						{"origin": [-3.5, 6.02695, 4.31961], "size": [7, 4, 4], "pivot": [0.5, 7.32695, 7.01961], "rotation": [50, 0, 0], "uv": [0, 37]}
					]
				},
				{
					"name": "tail2",
					"parent": "tail",
					"pivot": [0, 7.76902, 6.79695],
					"cubes": [
						{"origin": [-3, 5.24067, 6.83343], "size": [6, 4, 4], "pivot": [0, 7.24067, 6.03343], "rotation": [2.5, 0, 0], "uv": [41, 12]}
					]
				},
				{
					"name": "tail_bone",
					"parent": "tail2",
					"pivot": [1.9, 7.29385, 9.83663],
					"cubes": [
						{"origin": [1.9, 6.04067, 9.83343], "size": [0, 2, 4], "pivot": [1, 7.24067, 6.03343], "rotation": [2.5, 0, 0], "uv": [64, 56]}
					]
				},
				{
					"name": "tail_bone2",
					"parent": "tail2",
					"pivot": [-1.9, 7.29385, 9.83663],
					"cubes": [
						{"origin": [-1.9, 6.04067, 9.83343], "size": [0, 2, 4], "pivot": [-1, 7.24067, 6.03343], "rotation": [2.5, 0, 0], "uv": [64, 56], "mirror": true}
					]
				},
				{
					"name": "tail3",
					"parent": "tail2",
					"pivot": [0, 7.90815, 9.74366],
					"cubes": [
						{"origin": [-2, 6.06281, 9.83076], "size": [4, 2, 3], "pivot": [0, 7.36281, 8.83076], "rotation": [45, 0, 0], "uv": [0, 46]}
					]
				},
				{
					"name": "tail4",
					"parent": "tail3",
					"pivot": [0, 9.70472, 11.18799],
					"cubes": [
						{"origin": [-2, 9.98681, 11.94507], "size": [4, 4, 4], "inflate": -0.1, "pivot": [0, 10.88681, 14.44507], "rotation": [72.5, 0, 0], "uv": [57, 27]}
					]
				},
				{
					"name": "tail5",
					"parent": "tail4",
					"pivot": [0, 10.08672, 12.95918],
					"cubes": [
						{"origin": [-1.5, 9.04816, 11.54704], "size": [3, 4, 7], "pivot": [-0.5, 12.64816, 13.84704], "rotation": [37.5, 0, 0], "uv": [0, 25]}
					]
				},
				{
					"name": "tail6",
					"parent": "tail5",
					"pivot": [0, 13.46414, 19.14528],
					"cubes": [
						{"origin": [0, 9.04816, 18.54704], "size": [0, 2, 4], "pivot": [1, 12.64816, 13.84704], "rotation": [37.5, 0, 0], "uv": [64, 58]}
					]
				}
			]
		}
	]
}