{
  "portraitScale": 1.25,
  "portraitTranslation": [-0.25, 0, 0],
  "profileScale": 0.8,
  "profileTranslation": [0, 0.4, 0],
  "poses": {
    "standing": {
      "poseName": "standing",
      "transformTicks": 10,
      "poseTypes": ["STAND"],
      "animations": [
        "bedrock(charizard_legendmount, ground_idle)"
      ]
    },
    "walking": {
      "poseName": "walking",
      "transformTicks": 10,
      "poseTypes": ["WALK"],
      "animations": [
        "bedrock(charizard_legendmount, ground_walk)"
      ]
    },
	"leftshoulder": {
		"poseName": "leftshoulder",
		"transformTicks": 10,
		"poseTypes": ["SHOULDER_LEFT"],
		"animations": ["bedrock(charizard_legendmount, shoulder_left)"]
		},
		"rightshoulder": {
		"poseName": "rightshoulder",
		"transformTicks": 10,
		"poseTypes": ["SHOULDER_RIGHT"],
		"animations": ["bedrock(charizard_legendmount, shoulder_right)"]
		}
  }
}
