{
  "portraitScale": 3.5,
  "portraitTranslation": [-0.3, -0.1, 0],
  "profileScale": 0.9,
  "profileTranslation": [0, 0.4, 0],
  "animations": {
    "cry": "q.bedrock_stateful('duraludon_legendmount', 'cry')",
    "recoil": "q.bedrock_stateful('duraludon_legendmount', 'recoil')",
    "physical": "q.bedrock_primary('duraludon_legendmount', 'physical', q.curve('symmetrical_wide'))",
    "special": "q.bedrock_primary('duraludon_legendmount', 'special', q.curve('symmetrical_wide'))",
    "status": "q.bedrock_stateful('duraludon_legendmount', 'cry', q.curve('symmetrical_wide'))"
  },
  "poses": {
    "battle-standing": {
      "poseTypes": ["STAND", "WALK"],
      "isBattle": true,
      "animations": [
        "q.bedrock('duraludon_legendmount', 'battle_idle')"
      ],
      "quirks": [
        "q.bedrock_quirk('duraludon_legendmount', 'quirk')"
      ]
    },
    "standing": {
      "poseTypes": ["STAND", "NONE", "PORTRAIT", "PROFILE"],
      "isBattle": false,
      "animations": [
        "q.bedrock('duraludon_legendmount', 'ground_idle')"
      ],
      "quirks": [
        "q.bedrock_quirk('duraludon_legendmount', 'quirk')"
      ]
    },
    "walking": {
      "poseTypes": ["WALK"],
      "animations": [
        "q.bedrock('duraludon_legendmount', 'ground_walk')"
      ]
    },
    "float": {
      "poseTypes": ["FLOAT"],
      "animations": [
        "q.bedrock('duraludon_legendmount', 'ground_walk')"
      ]
    },
    "swim": {
      "poseTypes": ["SWIM"],
      "animations": [
        "q.look('head')",
        "q.bedrock('duraludon_legendmount', 'ground_walk')"
      ]
    },
    "sleep": {
      "poseTypes": ["SLEEP"],
      "animations": ["q.bedrock('duraludon_legendmount', 'ground_idle')"]
    },
	"leftshoulder": {
		"poseName": "leftshoulder",
		"transformTicks": 10,
		"poseTypes": ["SHOULDER_LEFT"],
		"animations": ["q.bedrock('duraludon_legendmount', 'shoulder_left')"]
		},
		"rightshoulder": {
		"poseName": "rightshoulder",
		"transformTicks": 10,
		"poseTypes": ["SHOULDER_RIGHT"],
		"animations": ["q.bedrock('duraludon_legendmount', 'shoulder_right')"]
		}
    }
  }