{
  "portraitScale": 1.25,
  "portraitTranslation": [
    0.0,
    0.5,
    0.0
  ],
  "profileScale": 0.8,
  "profileTranslation": [
    0.0,
    0.4,
    0.0
  ],
  "poses": {
    "standing": {
      "poseName": "standing",
      "transformTicks": 10,
      "poseTypes": [
        "STAND"
      ],
      "animations": [
        "bedrock(lapras_legendmount, ground_idle)"
      ]
    },
    "walking": {
      "poseName": "walking",
      "transformTicks": 10,
      "poseTypes": [
        "WALK"
      ],
      "animations": [
        "bedrock(lapras_legendmount, surfacewater_swim)"
      ]
    },
	"leftshoulder": {
		"poseName": "leftshoulder",
		"transformTicks": 10,
		"poseTypes": ["SHOULDER_LEFT"],
		"animations": ["bedrock(lapras_legendmount, shoulder_left)"]
		},
		"rightshoulder": {
		"poseName": "rightshoulder",
		"transformTicks": 10,
		"poseTypes": ["SHOULDER_RIGHT"],
		"animations": ["bedrock(lapras_legendmount, shoulder_right)"]
		}
  }
}