{
	"format_version": "1.8.0",
	"animations": {
		"animation.lapras_legendmount.ground_idle": {
			"loop": true,
			"bones": {
				"chest2": {
					"rotation": [-2.5, 0, 0]
				},
				"neck2": {
					"rotation": [-12.5, 0, 0]
				},
				"neck3": {
					"rotation": [-7.5, 0, 0]
				},
				"head_rotation": {
					"rotation": [15, 0, 0]
				},
				"tail": {
					"rotation": [-2.5, 0, 0]
				},
				"tail2": {
					"rotation": [2.5, 0, 0]
				},
				"leg_front_left": {
					"rotation": [2.20462, 12.3071, 10.23772]
				},
				"leg_front_left2": {
					"rotation": [0, -12.5, 0]
				},
				"leg_front_left3": {
					"rotation": [0.21865, -4.99523, -2.50954]
				},
				"leg_front_left4": {
					"rotation": [0, -17.5, 0]
				},
				"leg_back_left": {
					"rotation": [-10.8448, -30.82594, 20.49807]
				},
				"leg_back_left2": {
					"rotation": [0, -7.5, -2.5]
				},
				"leg_back_left3": {
					"rotation": [0, -10, -10]
				},
				"leg_back_left4": {
					"rotation": [0, -7.5, -2.5]
				},
				"body": {
					"rotation": [-2.5, 0, 0]
				},
				"leg_front_right": {
					"rotation": [2.20462, -12.3071, -10.23772]
				},
				"leg_front_right2": {
					"rotation": [0, 12.5, 0]
				},
				"leg_front_right3": {
					"rotation": [0.21865, 4.99523, 2.50954]
				},
				"leg_front_right4": {
					"rotation": [0, 17.5, 0]
				},
				"leg_back_right": {
					"rotation": [-10.8448, 30.82594, -20.49807]
				},
				"leg_back_right2": {
					"rotation": [0, 7.5, 2.5]
				},
				"leg_back_right3": {
					"rotation": [0, 10, 10]
				},
				"leg_back_right4": {
					"rotation": [0, 7.5, 2.5]
				}
			}
		},
		"animation.lapras_legendmount.surfacewater_idle": {
			"loop": true,
			"bones": {
				"chest2": {
					"rotation": [-2.5, 0, 0]
				},
				"neck2": {
					"rotation": [-15, 0, 0]
				},
				"neck3": {
					"rotation": [-12.5, 0, 0]
				},
				"head_rotation": {
					"rotation": [15, 0, 0]
				},
				"tail": {
					"rotation": [-5, 0, 0]
				},
				"tail2": {
					"rotation": [-5, 0, 0]
				},
				"leg_front_left": {
					"rotation": [4.8493, 11.53486, 22.99008]
				},
				"leg_front_left2": {
					"rotation": [0, -12.5, 0]
				},
				"leg_front_left3": {
					"rotation": [0.21162, -0.0518, 12.50941]
				},
				"leg_front_left4": {
					"rotation": [-1.6575, -12.39135, 7.67995]
				},
				"leg_back_left": {
					"rotation": [-18.89595, -26.94622, 37.0662]
				},
				"leg_back_left2": {
					"rotation": [-0.6574, -7.4713, 2.54292]
				},
				"leg_back_left3": {
					"rotation": [-3.03513, -9.53274, 7.75313]
				},
				"leg_back_left4": {
					"rotation": [0, -7.5, -2.5]
				},
				"body": {
					"rotation": [0, 0, 0],
					"position": [0, -4, 0]
				},
				"leg_front_right": {
					"rotation": [4.8493, -11.53486, -22.99008]
				},
				"leg_front_right2": {
					"rotation": [0, 12.5, 0]
				},
				"leg_front_right3": {
					"rotation": [0.21162, 0.0518, -12.50941]
				},
				"leg_front_right4": {
					"rotation": [-1.6575, 12.39135, -7.67995]
				},
				"leg_back_right": {
					"rotation": [-18.89595, 26.94622, -37.0662]
				},
				"leg_back_right2": {
					"rotation": [-0.6574, 7.4713, -2.54292]
				},
				"leg_back_right3": {
					"rotation": [-3.03513, 9.53274, -7.75313]
				},
				"leg_back_right4": {
					"rotation": [0, 7.5, 2.5]
				}
			}
		},
		"animation.lapras_legendmount.shoulder_left": {
			"loop": true,
			"bones": {
				"chest2": {
					"rotation": [-2.5, 0, 0]
				},
				"neck2": {
					"rotation": [-15, 0, 0]
				},
				"neck3": {
					"rotation": [-12.5, 0, 0]
				},
				"head_rotation": {
					"rotation": [15, 0, 0]
				},
				"tail": {
					"rotation": [-5, 0, 0]
				},
				"tail2": {
					"rotation": [-5, 0, 0]
				},
				"leg_front_left": {
					"rotation": [4.8493, 11.53486, 22.99008]
				},
				"leg_front_left2": {
					"rotation": [0, -12.5, 0]
				},
				"leg_front_left3": {
					"rotation": [0.21162, -0.0518, 12.50941]
				},
				"leg_front_left4": {
					"rotation": [-1.6575, -12.39135, 7.67995]
				},
				"leg_back_left": {
					"rotation": [-18.89595, -26.94622, 37.0662]
				},
				"leg_back_left2": {
					"rotation": [-0.6574, -7.4713, 2.54292]
				},
				"leg_back_left3": {
					"rotation": [-3.03513, -9.53274, 7.75313]
				},
				"leg_back_left4": {
					"rotation": [0, -7.5, -2.5]
				},
				"body": {
					"rotation": [0, 0, 0],
					"position": [0, -4, 0]
				},
				"leg_front_right": {
					"rotation": [4.8493, -11.53486, -22.99008]
				},
				"leg_front_right2": {
					"rotation": [0, 12.5, 0]
				},
				"leg_front_right3": {
					"rotation": [0.21162, 0.0518, -12.50941]
				},
				"leg_front_right4": {
					"rotation": [-1.6575, 12.39135, -7.67995]
				},
				"leg_back_right": {
					"rotation": [-18.89595, 26.94622, -37.0662]
				},
				"leg_back_right2": {
					"rotation": [-0.6574, 7.4713, -2.54292]
				},
				"leg_back_right3": {
					"rotation": [-3.03513, 9.53274, -7.75313]
				},
				"leg_back_right4": {
					"rotation": [0, 7.5, 2.5]
				},
				"lapras": {
					"position": [13, 2, 0]
				},
				"chest": {
					"rotation": ["5-math.cos(q.anim_time*45 *4)*2", 0, 0]
				}
			}
		},
		"animation.lapras_legendmount.surfacewater_swim": {
			"loop": true,
			"animation_length": 2,
			"bones": {
				"chest2": {
					"rotation": ["7.5+math.cos(q.anim_time*90*4-125)*2", 0, 0]
				},
				"neck2": {
					"rotation": ["-5+math.cos(q.anim_time*90*4-0)*2", 0, 0]
				},
				"neck3": {
					"rotation": ["-12.5+math.cos(q.anim_time*90*4-45)*1", 0, 0]
				},
				"head_rotation": {
					"rotation": ["-7.5+math.cos(q.anim_time*90*4-45)*4-math.cos(q.anim_time*90*4-90)*1", 0, 0]
				},
				"tail": {
					"rotation": ["-2.5-math.cos(q.anim_time*90*4)*1", 0, 0]
				},
				"tail2": {
					"rotation": ["-5-math.cos(q.anim_time*90*4-90)*3", 0, 0]
				},
				"leg_front_left": {
					"rotation": [-1.1507, "10+math.cos(q.anim_time*90*4)*12", "20+math.cos(q.anim_time*90*4-90)*2"]
				},
				"leg_front_left2": {
					"rotation": [0, "-12.5+math.cos(q.anim_time*90*4-115)*4", 0]
				},
				"leg_front_left3": {
					"rotation": [0, "-15+math.cos(q.anim_time*90*4-135)*10", 0]
				},
				"leg_front_left4": {
					"rotation": [0, "-12.5+math.cos(q.anim_time*90*4-165)*8", 0]
				},
				"leg_back_left": {
					"rotation": [-8.29983, "-19.2098+math.cos(q.anim_time*90*4-35)*14", "17.2275+math.cos(q.anim_time*90*4-155)*3"],
					"position": [0, 0, "-math.cos(q.anim_time*90*4-35)*0.4"]
				},
				"leg_back_left2": {
					"rotation": [-0.6574, "-7.4713+math.cos(q.anim_time*90*4-135)*8", 2.54292]
				},
				"leg_back_left3": {
					"rotation": [-3.03513, "-9.5327+math.cos(q.anim_time*90*4-165)*8", 7.75313]
				},
				"leg_back_left4": {
					"rotation": [0, "-7.5+math.cos(q.anim_time*90*4-195)*4", -2.5]
				},
				"body": {
					"rotation": ["math.cos(q.anim_time*90*4-90)*0.5", 0, 0],
					"position": [0, -4, "math.cos(q.anim_time*90*4-55)*0.5"]
				},
				"leg_front_right": {
					"rotation": [-1.1507, "-10-math.cos(q.anim_time*90*4)*12", "-20-math.cos(q.anim_time*90*4-90)*2"]
				},
				"leg_front_right2": {
					"rotation": [0, "12.5-math.cos(q.anim_time*90*4-115)*4", 0]
				},
				"leg_front_right3": {
					"rotation": [0, "15-math.cos(q.anim_time*90*4-135)*10", 0]
				},
				"leg_front_right4": {
					"rotation": [0, "12.5-math.cos(q.anim_time*90*4-165)*8", 0]
				},
				"leg_back_right": {
					"rotation": [-8.29983, "19.2098-math.cos(q.anim_time*90*4-35)*14", "-17.2275-math.cos(q.anim_time*90*4-155)*3"],
					"position": [0, 0, "-math.cos(q.anim_time*90*4-35)*0.4"]
				},
				"leg_back_right2": {
					"rotation": [-0.6574, "7.4713-math.cos(q.anim_time*90*4-135)*8", -2.54292]
				},
				"leg_back_right3": {
					"rotation": [-3.03513, "9.5327-math.cos(q.anim_time*90*4-165)*8", -7.75313]
				},
				"leg_back_right4": {
					"rotation": [0, "7.5-math.cos(q.anim_time*90*4-195)*4", 2.5]
				},
				"chest": {
					"rotation": ["5-math.cos(q.anim_time*90*4)*2", 0, 0]
				}
			}
		},
		"animation.lapras_legendmount.blink": {
			"animation_length": 0.1667,
			"bones": {
				"eyelid_left": {
					"position": {
						"0.0": [0.1, 0, 0],
						"0.125": [0.1, 0, 0],
						"0.1667": [0, 0, 0]
					}
				},
				"eyelid_right": {
					"position": {
						"0.0": [-0.1, 0, 0],
						"0.125": [-0.1, 0, 0],
						"0.1667": [0, 0, 0]
					}
				}
			}
		},
		"animation.lapras_legendmount.cry": {
			"animation_length": 1.2,
			"sound_effects": {
				"0.0417": {
					"effect": "pokemon.lapras.cry"
				}
			}
		},
		"animation.lapras_legendmount.shoulder_right": {
			"loop": true,
			"bones": {
				"chest2": {
					"rotation": [-2.5, 0, 0]
				},
				"neck2": {
					"rotation": [-15, 0, 0]
				},
				"neck3": {
					"rotation": [-12.5, 0, 0]
				},
				"head_rotation": {
					"rotation": [15, 0, 0]
				},
				"tail": {
					"rotation": [-5, 0, 0]
				},
				"tail2": {
					"rotation": [-5, 0, 0]
				},
				"leg_front_left": {
					"rotation": [4.8493, 11.53486, 22.99008]
				},
				"leg_front_left2": {
					"rotation": [0, -12.5, 0]
				},
				"leg_front_left3": {
					"rotation": [0.21162, -0.0518, 12.50941]
				},
				"leg_front_left4": {
					"rotation": [-1.6575, -12.39135, 7.67995]
				},
				"leg_back_left": {
					"rotation": [-18.89595, -26.94622, 37.0662]
				},
				"leg_back_left2": {
					"rotation": [-0.6574, -7.4713, 2.54292]
				},
				"leg_back_left3": {
					"rotation": [-3.03513, -9.53274, 7.75313]
				},
				"leg_back_left4": {
					"rotation": [0, -7.5, -2.5]
				},
				"body": {
					"rotation": [0, 0, 0],
					"position": [0, -4, 0]
				},
				"leg_front_right": {
					"rotation": [4.8493, -11.53486, -22.99008]
				},
				"leg_front_right2": {
					"rotation": [0, 12.5, 0]
				},
				"leg_front_right3": {
					"rotation": [0.21162, 0.0518, -12.50941]
				},
				"leg_front_right4": {
					"rotation": [-1.6575, 12.39135, -7.67995]
				},
				"leg_back_right": {
					"rotation": [-18.89595, 26.94622, -37.0662]
				},
				"leg_back_right2": {
					"rotation": [-0.6574, 7.4713, -2.54292]
				},
				"leg_back_right3": {
					"rotation": [-3.03513, 9.53274, -7.75313]
				},
				"leg_back_right4": {
					"rotation": [0, 7.5, 2.5]
				},
				"lapras": {
					"position": [-13, 2, 0]
				},
				"chest": {
					"rotation": ["5-math.cos(q.anim_time*45 *4)*2", 0, 0]
				}
			}
		}
	}
}