{
	"target": "cobblemon:darkrai",
	"forms": [
	{
		"name": "Mountable Darkrai",
		"primaryType": "dark",
		"abilities": [
		"baddreams"
		],
		"baseStats": {
			"hp": 70,
			"attack": 90,
			"defence": 90,
			"special_attack": 135,
			"special_defence": 90,
			"speed": 125
		},
		"catchRate": 3,
		"maleRatio": -1,
		"shoulderMountable": true,
		"baseExperienceYield": 270,
		"baseFriendship": 0,
		"evYield": {
			"hp": 0,
			"attack": 0,
			"defence": 0,
			"special_attack": 2,
			"special_defence": 0,
			"speed": 1
		},
		"experienceGroup": "slow",
		"eggCycles": 120,
		"eggGroups": [
		"undiscovered"
		],
		"moves": [
		"1:disable",
		"1:nightshade",
		"1:ominouswind",
		"11:quickattack",
		"20:hypnosis",
		"29:feintattack",
		"29:pursuit",
		"29:suckerpunch",
		"38:nightmare",
		"38:nightshade",
		"47:doubleteam",
		"57:haze",
		"66:darkvoid",
		"75:embargo",
		"75:nastyplot",
		"84:dreameater",
		"93:darkpulse",
		"tm:aerialace",
		"tm:blizzard",
		"tm:brickbreak",
		"tm:calmmind",
		"tm:chargebeam",
		"tm:confide",
		"tm:confuseray",
		"tm:curse",
		"tm:cut",
		"tm:darkpulse",
		"tm:doubleteam",
		"tm:drainpunch",
		"tm:dreameater",
		"tm:embargo",
		"tm:endure",
		"tm:facade",
		"tm:flash",
		"tm:fling",
		"tm:focusblast",
		"tm:focuspunch",
		"tm:foulplay",
		"tm:frustration",
		"tm:gigaimpact",
		"tm:haze",
		"tm:hex",
		"tm:hiddenpower",
		"tm:hyperbeam",
		"tm:icebeam",
		"tm:icywind",
		"tm:incinerate",
		"tm:knockoff",
		"tm:lashout",
		"tm:nastyplot",
		"tm:naturalgift",
		"tm:nightshade",
		"tm:payback",
		"tm:poisonjab",
		"tm:poweruppunch",
		"tm:protect",
		"tm:psychic",
		"tm:psychup",
		"tm:psyshock",
		"tm:raindance",
		"tm:rest",
		"tm:retaliate",
		"tm:return",
		"tm:rockclimb",
		"tm:rockslide",
		"tm:rocksmash",
		"tm:rocktomb",
		"tm:round",
		"tm:scaryface",
		"tm:secretpower",
		"tm:shadowball",
		"tm:shadowclaw",
		"tm:shockwave",
		"tm:sleeptalk",
		"tm:sludgebomb",
		"tm:snarl",
		"tm:snatch",
		"tm:spite",
		"tm:strength",
		"tm:substitute",
		"tm:sunnyday",
		"tm:swagger",
		"tm:swift",
		"tm:swordsdance",
		"tm:taunt",
		"tm:terablast",
		"tm:thief",
		"tm:throatchop",
		"tm:thunder",
		"tm:thunderbolt",
		"tm:thunderwave",
		"tm:torment",
		"tm:toxic",
		"tm:trick",
		"tm:willowisp",
		"tm:xscissor",
		"tutor:darkvoid",
		"tutor:doubleteam",
		"tutor:drainpunch",
		"tutor:feintattack",
		"tutor:focuspunch",
		"tutor:foulplay",
		"tutor:headbutt",
		"tutor:icywind",
		"tutor:knockoff",
		"tutor:lastresort",
		"tutor:mudslap",
		"tutor:nightmare",
		"tutor:ominouswind",
		"tutor:phantomforce",
		"tutor:pursuit",
		"tutor:quickattack",
		"tutor:roaroftime",
		"tutor:shockwave",
		"tutor:sleeptalk",
		"tutor:snatch",
		"tutor:snore",
		"tutor:spacialrend",
		"tutor:spite",
		"tutor:suckerpunch",
		"tutor:swift",
		"tutor:throatchop",
		"tutor:trick",
		"tutor:wonderroom"
		],
		"labels": [
		"gen4",
		"mythical",
		"legendary"
		],
		"aspects": [
        "legend_mount"
		],
		"height": 15,
		"weight": 505,
		"baseScale": 0.5,
		"hitbox": {
			"width": 1,
			"height": 1,
			"fixed": false
		},
		"cannotDynamax": false,
		"drops": {
			"amount": 5,
			"entries": [
			{
				"item": "minecraft:phantom_membrane",
				"quantityRange": "2-4"
				},
				{
					"item": "cobblemon:reaper_cloth"
					}
			]
		}
	}
	]
}